{
    "player": {
        "position": {
            "x": 58.665771484375,
            "y": 3.0331130027770998,
            "z": 60.67048645019531
        },
        "rotationY": 353.71343994140627,
        "currentHp": 10
    }
}