{
    "player": {
        "position": {
            "x": 47.37105178833008,
            "y": 3.083112955093384,
            "z": 67.67304229736328
        },
        "rotationY": 160.4490203857422,
        "currentHp": 90
    }
}