{
    "player": {
        "position": {
            "x": 60.105037689208987,
            "y": 3.0331130027770998,
            "z": 60.8833122253418
        },
        "rotationY": 0.03935657814145088,
        "currentHp": 10
    }
}