{
    "player": {
        "position": {
            "x": 67.6771469116211,
            "y": 3.0331130027770998,
            "z": 64.65462493896485
        },
        "rotationY": 89.91256713867188,
        "currentHp": 10
    }
}