{
    "player": {
        "position": {
            "x": 58.68655014038086,
            "y": 3.0331130027770998,
            "z": 60.96955108642578
        },
        "rotationY": 173.30841064453126,
        "currentHp": 5
    }
}