{
    "player": {
        "position": {
            "x": 58.44363021850586,
            "y": 3.0331130027770998,
            "z": 60.49129867553711
        },
        "rotationY": 191.3566436767578,
        "currentHp": 10
    }
}