{
    "player": {
        "position": {
            "x": 39.646671295166019,
            "y": 3.0331130027770998,
            "z": 66.45565032958985
        },
        "rotationY": 270.24761962890627,
        "currentHp": 10
    }
}