{
    "player": {
        "position": {
            "x": 58.17182922363281,
            "y": 3.0331130027770998,
            "z": 60.82539749145508
        },
        "rotationY": 81.28524017333985,
        "currentHp": 10
    }
}