{
    "player": {
        "position": {
            "x": 59.19533157348633,
            "y": 3.0331130027770998,
            "z": 44.38890075683594
        },
        "rotationY": 171.62295532226563,
        "currentHp": 5
    }
}